ID,種別,企画・項目名,団体,カテゴリ,場所,日付,曜日,開始,終了,説明,キーワード,信頼度,掲載ページ,ページ見出し
p07-aed,facility,AED設置場所,,救護,1号館3階、2号館1階・6階、3号館2階、アリーナ1階,,,,,AEDは校内5か所に設置。,AED、救急、救護,1.0,7,注意事項
p07-earthquake,rule,地震発生時の避難,,防災,グラウンド・前庭、必要に応じ戸山公園,,,,,身の安全を守り、揺れが収まり次第教職員・生徒の指示で避難。エレベーターは使わない。,地震、避難、防災、戸山公園,1.0,7,注意事項
p07-elevator,navigation,エレベーター案内,,移動,2号館,,,,,青色エレベーターは1階と8階の直通で文実関係者優先。黄色エレベーターは各階止まり。避難時は使用禁止。,エレベーター、移動、バリアフリー,1.0,7,注意事項
p07-foodspace,facility,飲食スペース,,飲食,2号館8階、カフェテリア,,,,,展示スペース、グラウンド、アリーナ、講堂での飲食は不可。,飲食、食べる場所、休憩、カフェテリア,1.0,7,注意事項
p07-health,facility,保健室,,救護・熱中症,2号館1階,,,,,具合が悪い場合は保健室へ。こまめな水分補給など熱中症対策を推奨。,保健室、熱中症、具合が悪い、体調不良、水分補給,1.0,7,注意事項
p07-hq,facility,文化祭実行委員会本部,文化祭実行委員会,案内・迷子,前庭の2号館（赤い校舎）側テント内,,,,,迷子など困ったことがある場合の案内窓口。,本部、受付、案内、迷子、困りごと,1.0,7,注意事項
p07-lost,facility,落とし物窓口,,案内,2号館（赤い校舎）1階、ミニステージ裏の職員本部室,,,,,落とし物をした場合の窓口。,落とし物、忘れ物、職員本部室,1.0,7,注意事項
p07-rules,rule,禁止行為,,注意事項,校内,,,,,暴力行為、危険物の持ち込み等は禁止。校内は禁酒・禁煙。ごみの分別に協力。,禁止、禁酒、禁煙、危険物、ごみ,1.0,7,注意事項
p09-web,overview,海城祭公式サイト,文化祭実行委員会,公式情報,オンライン,,,,,食品・グッズ情報や各サークルの混雑状況を確認できる。URL: https://www.kaijofes.com/,公式サイト、混雑、食品、グッズ、SNS,1.0,9,ホームページ・SNS紹介
p10-crossword,event,海城クロスワード,,参加企画,答えが分かったら2号館1階の景品交換所,,,,,マップ29〜43ページの星印にヒントがあるクロスワード。,クロスワード、景品、スタンプ、星印,1.0,10,海城クロスワード
p11-31ice,food,サーティワン／かき氷,食品部,食品・アイス,2号館8階 28B,,,,,サーティワンアイスクリームと海城生が作ったかき氷を販売。,アイス、かき氷、冷たい、食品,1.0,11,食品販売一覧
p11-cafeteria,food,学食販売,,食品・食事,カフェテリア,,,,,海城生が普段食べている学食メニューを販売。,学食、昼食、ご飯、食事、カフェテリア,1.0,11,食品販売一覧
p11-drink,food,飲料販売,食品部,飲料,前庭,,,,,各種ドリンクを冷やして販売。,飲み物、ドリンク、水分補給,1.0,11,食品販売一覧
p11-hotdog,food,ホットドッグ,食品部,食品,2号館8階 28A,,,,,海城生が作ったホットドッグを販売。,食べ物、ソーセージ、パン、食品,1.0,11,食品販売一覧
p11-kebab,food,ケバブ,,食品,1階自動販売機前,,,,,海城祭恒例の屋台でケバブを販売。,ケバブ、肉、屋台、食品,1.0,11,食品販売一覧
p11-pizza,food,ピザーラ,ピザーラ,食品・ピザ,2号館8階 28C,,,,,ピザーラによるピザ販売。,ピザ、食事、食品,1.0,11,食品販売一覧
p11-popcorn,food,ポップコーン,,食品・軽食,サニーテラス,,,,,キャラメル味のポップコーンを販売。,ポップコーン、キャラメル、軽食,1.0,11,食品販売一覧
p13-chuyasai,event,中夜祭,,ステージ,ミニステージ,2026-09-19,土,16:25,,土曜日夕方の中夜祭。,中夜祭、ステージ、夕方,1.0,13,中夜祭・後夜祭
p13-kohyasai,event,後夜祭,,ステージ,カフェテリア,2026-09-20,日,16:30,,日曜日夕方の後夜祭。,後夜祭、フィナーレ、夕方,1.0,13,中夜祭・後夜祭
p15-corinto,event,コリント,コリント部,ゲーム,前庭,,,,,巨大なピンボールのようなゲーム。今年のテーマはサイバーパンク。,ピンボール、ゲーム、サイバーパンク、前庭,1.0,15,コリント・校内案内
p15-relay,event,部活対抗リレー,,スポーツ,グラウンド,2026-09-20,日,11:30,14:00,部活動対抗のリレー企画。,リレー、部活、運動、グラウンド,1.0,15,部活対抗リレー
p15-tour,event,校内案内ツアー,ツアー部,案内ツアー,受付：理科館1階の階段下,,,,,所要時間40分の校内案内ツアー。,校内案内、ツアー、学校見学、理科館,1.0,15,コリント・校内案内
p15-wally,event,海城ウォーリーをさがせ！,,校内周遊,校内,,,,,校内を歩いて本物のウォーリーを探す。条件は校内ポスターに記載。,ウォーリー、探す、校内周遊、クロスワード,1.0,15,コリント・校内案内
p17-ai,event,AI vs 人間 3番勝負,ミニステージ部,ステージ・対決,前庭 ミニステージ,2026-09-19,土,12:00,13:00,3つのゲームで人間とAIが対戦。校長先生が出演予定。,AI、対決、校長、ゲーム、ミニステージ,1.0,17,ミニステージ部企画
p17-king,event,海城王決定戦〜最強の漢、ここに爆誕〜,ミニステージ部,ステージ・対決,前庭 ミニステージ,2026-09-20,日,13:00,14:00,肉体・頭脳・度胸を兼ね備えた王を決める4人対決。,海城王、対決、ミニステージ,1.0,17,ミニステージ部企画
p19-firestorm,event,FIRESTORM,イベント部,ジェットコースター,2号館8階 28F,,,,,教室内を駆け巡るジェットコースター。体調に不安がある人は乗車不可。,ジェットコースター、乗り物、絶叫、2号館8階,1.0,19,サバゲー・ジェットコースター
p19-survival,event,烽野の用心棒,イベント部,サバゲー,アリーナ,2026-09-19,土,09:00,15:00,チームで相手を撃ち抜くサバイバルゲーム。安全上の参加制限あり。,サバゲー、サバイバルゲーム、アリーナ、チーム,1.0,19,サバゲー・ジェットコースター
p21-lessons1,schedule,模擬授業 第1回,海城教員,模擬授業,3号館1階 合同31教室,2026-09-19・2026-09-20,土・日,09:30,10:20,小学校高学年向け。詳細は受付、当日整理券制。,模擬授業、受験、小学生、整理券,1.0,21,合同31タイムテーブル
p21-lessons2,schedule,模擬授業 第2回,海城教員,模擬授業,3号館1階 合同31教室,2026-09-19・2026-09-20,土・日,10:40,11:30,小学校高学年向け。詳細は受付、当日整理券制。,模擬授業、受験、小学生、整理券,1.0,21,合同31タイムテーブル
p21-lessons3,schedule,模擬授業 第3回,海城教員,模擬授業,3号館1階 合同31教室,2026-09-19・2026-09-20,土・日,11:50,12:40,小学校高学年向け。詳細は受付、当日整理券制。,模擬授業、受験、小学生、整理券,1.0,21,合同31タイムテーブル
p21-science,schedule,理数系部活研究発表会,数学部・物理部・化学部・生物部・地学部,研究発表,3号館1階 合同31教室,2026-09-20,日,13:00,15:30,5つの理数系部活による研究成果発表。入退室自由。,理科、科学、数学、物理、化学、生物、地学,1.0,21,合同31タイムテーブル
p21-trial,schedule,模擬裁判,,模擬裁判,3号館1階 合同31教室,2026-09-19,土,13:00,15:30,架空の事件をめぐる裁判。入退室自由。,裁判、法律、模擬裁判,1.0,21,合同31タイムテーブル
p22-goods,event,海城祭公式グッズ販売,PTA × KAIJO DESIGN TEAM,グッズ販売,2号館6階 26F,,,,,トートバッグ、文具、IDパスケース、タオル、マグカップ、扇子、どら焼き等を販売。,グッズ、お土産、記念品、PTA、どら焼き,1.0,22,KAIJO OFFICIAL GOODS
p23-chorus,schedule,合唱部 秋の演奏会〜ハーモニーで染める僕たちの青春〜,合唱部,音楽,1号館3階 講堂,2026-09-19,土,11:00,12:00,合唱部による秋の演奏会。,合唱、音楽、講堂,1.0,23,土曜日タイムテーブル
p23-drama,schedule,高校演劇部劇団センセーション合同文化祭公演,高校演劇部,演劇,1号館3階 講堂,2026-09-19,土,09:20,10:35,高校演劇部の合同文化祭公演。,演劇、講堂、舞台,1.0,23,土曜日タイムテーブル
p23-gekokujo,schedule,反撃の烽！先生への下剋上,ミニステージ部,ステージ・対決,前庭 ミニステージ,2026-09-19,土,13:00,14:00,先生と生徒による対決企画。,先生、生徒、対決、ミニステージ,1.0,23,土曜日タイムテーブル
p23-karaoke,schedule,海城カラオケバトル!! Vol.26,ミニステージ部,ステージ,前庭 ミニステージ,2026-09-19,土,09:00,10:00,生徒対先生のカラオケ対決。,カラオケ、歌、ミニステージ,1.0,23,土曜日タイムテーブル
p23-music,schedule,Music Champion,ミニステージ部,ステージ・音楽,前庭 ミニステージ,2026-09-19,土,11:00,12:00,音楽道を極めし者が集う企画。,音楽、チャンピオン、ミニステージ,1.0,23,土曜日タイムテーブル
p23-quiz,schedule,逡知識クイズ,ミニステージ部,クイズ,前庭 ミニステージ,2026-09-19,土,12:00,13:00,知識を試される新感覚クイズ。,クイズ、知識、ミニステージ,1.0,23,土曜日タイムテーブル
p23-sabage,schedule,サバゲー,イベント部,サバゲー,アリーナ,2026-09-19,土,09:00,15:00,体育館フィールドで行うサバイバルゲーム。,サバゲー、アリーナ,1.0,23,土曜日タイムテーブル
p23-softball,schedule,先生対生徒ソフトボール対決,高校野球部,スポーツ,グラウンド,2026-09-19,土,10:00,12:00,先生と生徒のソフトボール対決。,野球、ソフトボール、先生対生徒,1.0,23,土曜日タイムテーブル
p23-strings,schedule,海城弦楽団文化祭秋公演,海城弦楽団,音楽,1号館3階 講堂,2026-09-19,土,12:15,14:00,弦楽団による文化祭公演。,弦楽、音楽、演奏、講堂,1.0,23,土曜日タイムテーブル
p23-wind,schedule,海城吹奏楽団〜アンサンブル大会・秋の祭典〜,海城吹奏楽団,音楽,前庭 ミニステージ,2026-09-19,土,14:30,16:00,吹奏楽団によるアンサンブル大会。,吹奏楽、音楽、ミニステージ,1.0,23,土曜日タイムテーブル
p25-borrow,schedule,そこのあなたをお借りします,ミニステージ部,参加企画,前庭 ミニステージ,2026-09-20,日,12:00,13:00,観客から人を借りる参加型企画。,参加型、観客、ミニステージ,1.0,25,日曜日タイムテーブル
p25-football,schedule,トータルフットボール,中学サッカー部,スポーツ,グラウンド,2026-09-20,日,09:00,11:30,グラウンドで行うサッカー企画。,サッカー、フットボール、グラウンド,1.0,25,日曜日タイムテーブル
p25-king,schedule,海城王決定戦〜最強の漢、ここに爆誕〜,ミニステージ部,ステージ・対決,前庭 ミニステージ,2026-09-20,日,13:00,14:00,海城王を決める対決企画。,海城王、対決、ミニステージ,1.0,25,日曜日タイムテーブル
p25-law,schedule,法律違反クイズ,ミニステージ部,クイズ,前庭 ミニステージ,2026-09-20,日,10:00,11:00,法律に関するクイズに先生と生徒が挑戦。,法律、クイズ、ミニステージ,1.0,25,日曜日タイムテーブル
p25-looks,schedule,海城ルッキズム,ミニステージ部,クイズ・ステージ,前庭 ミニステージ,2026-09-20,日,11:00,12:00,見た目と僅かなヒントをもとに課されたクイズへ答える企画。,ルッキズム、クイズ、ミニステージ,1.0,25,日曜日タイムテーブル
p25-nebula,schedule,ネブリーグ,ミニステージ部,クイズ,前庭 ミニステージ,2026-09-20,日,09:00,10:00,各教科の先生が集まりチームでクイズに挑む。,クイズ、先生、ミニステージ,1.0,25,日曜日タイムテーブル
p25-relay,schedule,部活対抗リレー,サークル管理部,スポーツ,グラウンド,2026-09-20,日,11:30,14:00,部活動の意地がぶつかり合うリレー。,リレー、部活、グラウンド,1.0,25,日曜日タイムテーブル
p25-rocket,schedule,ロケット発射界隈,物理部・模型部合同,科学・体験,グラウンド,2026-09-20,日,14:10,15:30,ペットボトルロケット発射体験。濡れる可能性あり。,ロケット、物理、模型、体験、グラウンド,1.0,25,日曜日タイムテーブル
p25-skills,schedule,スキルズチャレンジ,中学バスケットボール部,スポーツ,アリーナ,2026-09-20,日,09:00,15:00,ドリブル、パス、シュートに挑戦する参加型企画。,バスケ、スポーツ、アリーナ,1.0,25,日曜日タイムテーブル
p25-wind,schedule,海城吹奏楽団〜アンサンブル大会・秋の祭典〜,海城吹奏楽団,音楽,前庭 ミニステージ,2026-09-20,日,14:30,16:00,吹奏楽団によるアンサンブル大会。,吹奏楽、音楽、ミニステージ,1.0,25,日曜日タイムテーブル
p29-building1,navigation,1号館,,校舎案内,正門を入って右側の白い校舎,,,,,中学1年生の教室、図書館、講堂などがある。文化祭中は1階立入禁止。,1号館、白い校舎、講堂、図書館,1.0,29,1号館
p30-escape,event,クイズを解いて脱出ゲーム,1-5,クイズ・脱出,1号館2階 12E,,,,,迷路内のクイズを解いて教室から脱出する。,クイズ、脱出、迷路,1.0,30,1号館2階
p30-ghost,event,ゴーストクエスト海城ダンジョン,1-7,お化け屋敷,1号館2階 12C,,,,,呪われた館から脱出するお化け屋敷。,お化け屋敷、ホラー、脱出,1.0,30,1号館2階
p30-mystery,event,海白館〜真犯人は笑ってる〜,1-8,謎解き・脱出,1号館2階 12B,,,,,呪われた館を舞台にした謎解き脱出企画。,謎解き、脱出、ホラー,1.0,30,1号館2階
p30-riki,event,力。-海城のクイズについて-,1-6,クイズ,1号館2階 12D,,,,,海城中学1年生が作ったクイズ。,クイズ、中学1年,1.0,30,1号館2階
p30-rock,event,KAIJO ROCK 2026,高校軽音楽部,音楽・ライブ,1号館2階 12A（第一会議室）,,,,,軽音楽部のライブ。タイムテーブルは海城祭Instagramで案内。,軽音、バンド、ライブ、音楽,1.0,30,1号館2階
p31-after,event,終わらない放課後〜海城生が結ぶ記憶〜,1-4,物語体験,1号館3階 13A,,,,,放課後の教室で起きる奇妙な出来事をたどる企画。,放課後、物語、体験,1.0,31,1号館3階
p31-door,event,13歳の扉,1-1,動画・クイズ,1号館3階 13D,,,,,動画を見てクイズに答えるほか、おみくじやミニゲームもある。,動画、クイズ、おみくじ、ミニゲーム,1.0,31,1号館3階
p31-horror,event,万国驚愕博覧会〜ホラーエキスポ〜,1-3,お化け屋敷,1号館3階 13B,,,,,世界のお化けが集まるお化け屋敷。,お化け屋敷、ホラー、博覧会,1.0,31,1号館3階
p31-mission,event,ミッションインポッシブル〜飛び出せ赤点の森〜,1-2,謎解き・脱出,1号館3階 13C,,,,,謎を解いて教室から脱出する企画。,謎解き、脱出、ミッション,1.0,31,1号館3階
p33-archery,event,射的でポン！,弓道部,体験,2号館3階 23H,,,,,実際の弓矢を使った射的体験。,弓道、弓矢、射的、体験,1.0,33,2号館3階
p33-art,event,ART PEOPLE 2026,美術部,美術展示,2号館3階 23B,,,,,貝殻レジン、七宝焼、キーホルダー制作体験と部員作品展示。,美術、アート、制作体験、レジン,1.0,33,2号館3階
p33-books,event,古本市2026＆ノートコンテスト,図書委員会,本・展示,2号館3階 23A,,,,,古本市と海城最強ノートを決めるノートコンテスト。,本、古本、ノート、図書,1.0,33,2号館3階
p33-digital,event,でじたるーむ,コンピューター部,デジタル展示・ゲーム,2号館4階 24E,,,,,部員制作のゲーム、音楽、CGを展示。ゲーム体験も可能。,コンピューター、ゲーム、CG、デジタル,1.0,33,2号館4階
p33-history,event,地歴王,地理歴史研究部,地理・歴史展示,2号館4階 24F,,,,,道をテーマにした発表、地形・城の模型、景品付きクイズ等。,地理、歴史、模型、クイズ,1.0,33,2号館4階
p33-karuta,event,競技かるた-ちはやふるの世界-,競技かるた部,体験・実演,2号館4階 24B,,,,,競技かるたの練習試合と体験。,かるた、ちはやふる、体験,1.0,33,2号館4階
p33-magic,event,マジック＆ジャグリング体験教室,奇術部,体験・実演,2号館3階 23F,,,,,マジックとジャグリングのパフォーマンスと体験。,マジック、手品、ジャグリング、体験,1.0,33,2号館3階
p33-math,event,数学部であります,数学部,数学展示,2号館3階 23G,,,,,入試予想問題、数学展示、ミニ講座、部員の研究紹介。,数学、入試、研究、講座、理系,1.0,33,2号館3階
p33-model,event,スシヅメモデラーズ,模型部,模型・体験,2号館4階 24D,,,,,ラジコン操作体験と模型展示。,模型、ラジコン、体験,1.0,33,2号館4階
p33-musicshop,event,町の音楽屋さん,海城弦楽団,音楽体験,2号館4階 24C,,,,,楽器演奏など音楽に関する活動と楽器体験。,音楽、弦楽、楽器、体験,1.0,33,2号館4階
p33-quickquiz,event,早押しクイズ体験,クイズ研究部,クイズ,2号館3階 23D,,,,,来場者向けの早押しクイズ体験。,早押し、クイズ、体験,1.0,33,2号館3階
p33-rest,event,『Espace de Repos』休息の空間,グローバル部,休憩・展示,2号館3階 23C,,,,,模擬国連をゆっくり休みながら知れる休憩所。待ち合わせにも利用可能。,休憩、グローバル、模擬国連、待ち合わせ,1.0,33,2号館3階
p33-shogi,event,VS 海城将棋部,将棋部,将棋・対局,2号館3階 23E,,,,,将棋部員との対局。ハンデ対局も実施。,将棋、対局、ボードゲーム,1.0,33,2号館3階
p33-student,event,セイトカイを探せ,生徒会執行部,校内周遊,校内（拠点：2号館3階 23I）,,,,,校内を巡って生徒会長と副会長を探す。,生徒会、探す、校内周遊,1.0,33,2号館3階
p33-wind,event,海城吹奏楽団〜アンサンブル大会・秋の祭典〜,海城吹奏楽団,音楽・演奏,2号館4階 24A,,,,,秋の祭典・学年合奏とアンサンブル大会。,吹奏楽、音楽、演奏,1.0,33,2号館4階
p35-admissions,facility,募集広報室,募集広報室,学校案内・相談,2号館6階 26E,,土・日,09:30,14:30,学校生活や入試に関する質問を教職員へ相談できる。,入試、受験、学校案内、相談,1.0,35,2号館6階
p35-alumni,event,海原会,海原会,卒業生紹介,2号館6階 26D,,,,,100年以上の歴史をもつ同窓会と活躍するOBを紹介。,同窓会、OB、海原会,1.0,35,2号館6階
p35-centaur,event,お悩み相談！ケンタウロスの森,有志団体ケンタウロス,相談・交流,2号館7階 27H,,,,,個性豊かなケンタウロスと話せる相談企画。,相談、交流、ケンタウロス,1.0,35,2号館7階
p35-focus,event,Focus,写真部,写真展示,2号館6階 26C,,,,,飛行機、風景など写真部員が撮影した写真を展示。,写真、展示、カメラ,1.0,35,2号館6階
p35-fortune,event,占いの館,高校バドミントン部,占い,2号館7階 27E,,,,,運勢を占う企画。,占い、運勢,1.0,35,2号館7階
p35-goods,event,グッズ販売,PTA,グッズ販売,2号館6階 26F,,,,,PTAとKAIJO DESIGN TEAMによる海城祭公式グッズ販売。,グッズ、お土産、PTA,1.0,35,2号館6階
p35-haunted,event,水も滴るいいお化け,水泳部,お化け屋敷,2号館6階 26B,,,,,水泳部によるお化け屋敷。,お化け屋敷、ホラー、水泳部,1.0,35,2号館6階
p35-mountain,event,山小屋うみしろ,高校山岳部,山岳展示・体験,2号館7階 27C,,,,,登山体験、山岳部キャラのパネル・動画・模造紙展示。,登山、山岳、体験,1.0,35,2号館7階
p35-shooting,event,シューティングゲーム,高校バスケットボール部,ゲーム,2号館7階 27F,,,,,動くゴールを使うシューティングゲーム。,バスケ、シューティング、ゲーム,1.0,35,2号館7階
p35-soccer,event,v.s. サッカー部,高校サッカー部,スポーツ体験,2号館7階 27G,,,,,サッカーの能力測定に挑戦する体験企画。,サッカー、スポーツ、体験,1.0,35,2号館7階
p35-vehicles,event,海城のりもの探検隊,鉄道研究会・航空研究会,交通・模型,2号館6階 26A,,,,,鉄道・航空の模型、シミュレーター体験、発車メロディー体験。,鉄道、航空、模型、シミュレーター,1.0,35,2号館6階
p35-volley,event,限界突破！ふわふわ空中大決戦,高校バレーボール部,スポーツ体験,2号館7階 27B,,,,,風船バレーを楽しむ競技。,バレーボール、風船、スポーツ、体験,1.0,35,2号館7階
p35-werewolf,event,人狼ゲーム,テニス部,ゲーム,2号館7階 27D,,,,,海城生と交流できる人狼ゲーム。,人狼、ゲーム、テニス部,1.0,35,2号館7階
p35-writing,event,# 文字の青春,高校文芸部,文芸展示,2号館7階 27A,,,,,俳句甲子園作品、短歌、小説、美術部とのコラボ作品展示。,文芸、俳句、短歌、小説,1.0,35,2号館7階
p37-firestorm,event,FIRESTORM,イベント部,ジェットコースター,2号館8階 28F,,,,,教室内を駆け巡るジェットコースター。,ジェットコースター、乗り物、絶叫,1.0,37,2号館8階
p37-food,food,2号館8階 食品販売・飲食スペース,食品部,食品・飲食,2号館8階 28A〜28G,,,,,28Aホットドッグ、28Bサーティワン・かき氷、28Cピザ、28G飲食スペース。,食品、飲食、食べ物、2号館8階,1.0,37,2号館8階
p37-track,event,陸上―心理テストでお悩み相談室,陸上競技部,相談・心理テスト,2号館8階 28E,,,,,心理テストを使って悩みを解決する相談企画。,心理テスト、相談、陸上,1.0,37,2号館8階
p37-yose,event,海城寄席,古典芸能部,古典芸能,2号館8階 28D,,,,,落語、大喜利など古典芸能部の公演。,寄席、落語、大喜利、古典芸能,1.0,37,2号館8階
p38-building3,navigation,3号館,,校舎案内・理科,正門を入って左側の校舎,,,,,化学部、地学部、生物部、物理部と合同31教室の企画がある。,3号館、理科館、理系、科学,1.0,38,3号館
p39-biology,event,生物のすゝめ,生物部,科学展示・生き物,3号館2階 3C,,,,,カメレオン、リクガメ、クワガタなどの生き物展示・研究紹介とイベント。,生物、生き物、動物、昆虫、科学,1.0,39,3号館
p39-chemistry,event,白クマの化学,化学部,科学展示・実験,3号館3階 3A,,,,,化学実験と体験実験。見逃し厳禁、理科館3階。,化学、実験、科学、理科,1.0,39,3号館
p39-earth,event,地学はじめますか？,地学部,科学展示・体験,3号館3階・1階 3B,,,,,宝石・化石・宇宙の展示、プラネタリウム、鉱物体験。,地学、宝石、化石、宇宙、プラネタリウム、科学,1.0,39,3号館
p39-joint31,facility,合同31教室,,模擬授業・模擬裁判・研究発表,3号館1階,,,,,模擬授業、模擬裁判、理数系部活研究発表会の会場。,合同31、模擬授業、模擬裁判、研究発表,1.0,39,3号館
p39-physics,event,物理界隈,物理部,科学展示,3号館1階 3D,,,,,物理部の一般展示。,物理、科学、理科、物理部,1.0,39,3号館
p41-building4,navigation,4号館,,校舎案内,正門から1号館と2号館の間を進んだ先,,,,,中学2年生のクラス企画がある校舎。,4号館、中学2年、クラス企画,1.0,41,4号館
p43-cup,event,KAIJO CUP,2-8,スポーツ・対決,4号館1階 41A,,,,,海城生とスポーツで勝負する企画。,スポーツ、対決、KAIJO CUP,1.0,43,4号館
p43-exit5,event,5番出口,2-5,異変探し,4号館2階 42A,,,,,異変を探しながら部屋の中を見破る企画。,5番出口、異変、観察,1.0,43,4号館
p43-haunted,event,ホーンテッドマンション in カイジョー,2-1,お化け屋敷,4号館3階 43C,,,,,恐怖に満ちた館を進むお化け屋敷。,お化け屋敷、ホラー、恐怖,1.0,43,4号館
p43-ice,event,ICE WORLD RIDE & SHOOT,2-2,ライド・シューティング,4号館3階 43A,,,,,氷の世界で特製ビークルに乗り、ブカブカ浮かぶ流氷を狙い撃つ。,ライド、シューティング、乗り物、氷,1.0,43,4号館
p43-mythical,event,MYTHICAL CAMBRIAN ADVENTURE,2-6,冒険・体験,4号館1階 41C,,,,,カンブリア紀をテーマにした神秘的な冒険企画。,カンブリア紀、冒険、古代生物,1.0,43,4号館
p43-octopus,event,海とタコさん。,2-3,ゲーム,4号館2階 42C,,,,,3種のゲームでタコを捕まえる海の企画。,海、タコ、ゲーム,1.0,43,4号館
p43-peach,event,おまもも―お前も桃を斬らないか？―,2-7,鬼退治・体験,4号館1階 41B,,,,,桃太郎とともに5つの難関をクリアして鬼を倒す。,桃太郎、鬼退治、体験,1.0,43,4号館
p43-pokemon,event,海城ポケモン団,有志団体 海城ポケモン団,クイズ・対戦,4号館3階 43B,,,,,ポケモンクイズと、海城生とのポケカ対戦。,ポケモン、ポケカ、クイズ、カードゲーム,1.0,43,4号館
p43-zombie,event,ある日森の中ゾンビに出会った,2-4,サバイバル・ゲーム,4号館2階 42B,,,,,ゾンビの巣窟をかいくぐり、銃を頼りに生き延びる。,ゾンビ、サバイバル、ゲーム、銃,1.0,43,4号館
